Model,RMSE,MAE,R2,NSE,N,Composite_Score,Rank
SVM,5.787442579199989,2.9725941194776486,0.8379017709428646,0.8337603786306148,91,0.15560412427337067,1
Gumbel,6.683481030336725,3.0895234880150553,0.8725910350712067,0.7782995420312829,91,0.16871845222615556,2
ANN,9.586615578463151,4.480965990651551,0.8046814056475433,0.5438667032596473,91,0.2801783949223458,3
TCAN,10.509128410095881,5.7867401150273015,0.8609369863590627,0.4518561471034248,91,0.30922390569120684,4
TCN,11.293446953667663,6.246117538001663,0.8608011971891121,0.3669847345780336,91,0.3410090822242584,5
Literature,33.22335268265266,24.79628647290302,0.7710122672411801,-3.570869296366711,70,1.6999642572813827,6
