Return Period (years),5 mins,10 mins,15 mins,30 mins,60 mins,90 mins,120 mins,180 mins,360 mins,720 mins,900 mins,1080 mins,1440 mins
2,144.03160975162385,80.37829548165334,51.1759905941296,13.734145886128301,21.070813437851672,19.276907758493696,16.975546943121,14.95411526613409,9.977139232198562,6.78910656670948,6.041818908890024,5.387360552229622,2.22763034321521
5,182.1819825144846,98.44692805596384,62.02518181118064,17.5096223174607,26.323020094890694,23.83804510025608,20.86202311168669,18.364676455562474,12.737810748839761,8.68464088111117,7.697317189074154,6.8934071732014806,2.9630573881146183
10,209.8452977559337,109.43499943511304,69.79309465642312,20.360415036865966,30.374430337071946,26.624867675962697,23.239476367382224,20.546320990655914,14.526932413047376,9.851820106807518,8.701156065945286,7.794028250193705,3.405116846279687
25,247.58071513611748,122.49032247747823,80.2559806576491,24.371923582868522,36.15248372812999,29.94638490559963,26.077162661402507,23.245686732381223,16.760343525585053,11.247721421271812,9.886649446318199,8.844486111507313,3.9202187995324658
50,277.7683124524991,131.73111387328962,88.52405217209319,27.669421759543866,40.95259682424118,32.303277613277814,28.093860895411527,25.227359822359887,18.411570965821355,12.239838070651812,10.719562106177598,9.573798592475962,4.276578492312309
100,309.79030714384953,140.63004802321754,97.20502331281949,31.243589943637556,46.19677222782184,34.576999768788156,30.042079205892477,27.191737339121694,20.056667382280718,13.197328913169953,11.516034375969433,10.26439758536395,4.612543152900389
