Return Period (years),5 mins,10 mins,15 mins,30 mins,60 mins,90 mins,120 mins,180 mins,360 mins,720 mins,900 mins,1080 mins,1440 mins
2,153.42755900635862,83.0606768535039,53.89683918532174,14.825146673172902,22.677448764570965,20.021327570261327,17.6287288507529,15.622513029873087,10.391683290446897,7.006506748751475,6.219459481596219,5.548813267807692,2.295444230831587
5,192.75111936557516,101.55425669585769,65.63021457214907,18.31322784756306,28.201853471743267,24.47439240754608,21.426125394202202,18.98560748749505,13.416425510342924,9.045559181895708,7.9836250301552125,7.104720767692685,3.0485097156135943
10,212.38642607541286,110.61526522831373,71.36275044243023,20.03454051282439,30.94087176036114,26.655897007434778,23.27896531477031,20.626411540694008,14.955738684211907,10.083219386082188,8.877830215916337,7.8919768345261945,3.439340799781347
25,232.55928123584917,119.82103413259614,77.177165143109,21.79075596216398,33.743155474961554,28.872078338858564,25.156815477251584,22.28928651911549,16.5550372650181,11.161298722018675,9.804683504925954,8.70712686196017,3.8501436402542066
50,245.17415818522528,125.52909312687757,80.77783322869735,22.883207693467526,35.48997866878543,30.246144098376647,26.319018817672298,23.31840514114168,17.56371040318821,11.841232004787685,10.388195581019485,9.219908597521089,4.1115315753374455
100,256.2497938010428,130.5118652997691,83.91828080810686,23.838931441413692,37.02035567934525,31.445567014522158,27.332269561135092,24.21560632150086,18.454454284572883,12.441665726200831,10.902856177331751,9.671941479015599,4.343747385525282
