Return Period (years),5 mins,10 mins,15 mins,30 mins,60 mins,90 mins,120 mins,180 mins,360 mins,720 mins,900 mins,1080 mins,1440 mins
2,146.46782095731112,79.48678842188734,51.845589887064584,14.070821845100813,21.592495806586523,19.03392284651081,16.777920227372846,14.88174564542159,9.967925591333241,6.739445071328905,5.984770549579248,5.319557494935303,2.203293226890743
5,181.77183701076453,98.77705254054881,61.88380075374131,17.45913552245204,26.13580845010837,23.818918894748183,20.86602201648286,18.349339156266822,12.754293966617011,8.746265419162807,7.768107946267735,6.947164427498773,2.9822673783239937
10,205.14616754194827,111.54888588836764,68.52996980102935,19.70249400375975,29.143876746797176,26.987002634925602,23.57270111834764,20.645187785713496,14.599112280967097,10.074955108629064,8.94883247618251,8.024781839607988,3.498016047350222
25,234.6796961322479,127.68613118081053,76.92742201093037,22.53698339192008,32.94457901389794,30.989884839066953,26.992597338820985,23.545998615196098,16.93004511166697,11.75375805355776,10.440681049769877,9.386354296516359,4.149665857888077
50,256.5893547656088,139.65766159104274,83.1571317710206,24.63976954239974,35.76415707361444,33.95945152576142,29.52967171931688,25.69798579951092,18.659264241774636,12.999189980989211,11.54741954463098,10.396446525903645,4.633096913331556
100,278.33723591879857,151.54079609990703,89.34084233212513,26.72702905002037,38.562915811529535,36.907091398176725,32.048012740833904,27.834083048256012,20.375715089262577,14.23542583456501,12.645986056171708,11.399080392824168,5.112958389746222
