Return Period (years),5 mins,10 mins,15 mins,30 mins,60 mins,90 mins,120 mins,180 mins,360 mins,720 mins,900 mins,1080 mins,1440 mins
2,104.0699683918805,65.5599719194122,50.031622398365066,31.517947110046013,19.855062506710112,15.152248558811818,12.507905599591275,9.545318456243129,6.013173825485379,3.717098655732734,2.9918563214231018,2.6494347981028525,2.187060238506361
5,143.45299339503845,90.36972302441963,68.96500602776858,43.44523140025626,27.36878077936826,20.88628877297516,17.241251506942152,13.157537439627175,8.288729192483089,5.0909297297086695,4.042298721298819,3.5796528128200835,2.954938291058233
10,169.6556010591699,106.8763315035076,81.56190590927761,51.38078106232201,32.36786381022965,24.70130313639763,20.390476477319417,15.560845890690807,9.802718645925745,6.000627826529426,4.730871647922695,4.189417746973426,3.4582881539335735
25,202.89129167342944,127.81350460985715,97.53995941170622,61.44632403435017,38.70875854476948,29.54031147850375,24.38498985292657,18.609230126109,11.723080379111282,7.150493971609938,5.5948542327959885,4.954516494840217,4.089863254852702
50,227.74813647810052,143.4723356115447,109.4898839912845,68.97430479558358,43.45108925691028,33.15938715122753,27.37247099782114,20.88910493672256,13.15931151161984,8.007969000746067,6.235174825346655,5.521551632088594,4.5579404475429826
100,252.69754065903157,159.18947536648983,121.4843064777424,76.53031748159394,48.21107897509884,36.791939167772775,30.371076619435613,23.177469311964277,14.600890734718124,8.86675097002087,6.873501583267393,6.086821131457782,5.024560138277019
