Return Period (years),5 mins,10 mins,15 mins,30 mins,60 mins,90 mins,120 mins,180 mins,360 mins,720 mins,900 mins,1080 mins,1440 mins
2,145.09640206278263,80.35545908570228,51.47191515110046,13.95010006370805,21.051028789247844,19.291047647758347,16.987424506587555,14.969440481124028,9.979593107781096,6.797972353210399,6.05205359934971,5.393968137902425,2.2352985525061637
5,181.73977109929885,98.54966828586522,61.88016196451464,17.451983986474517,26.06592850970507,23.81127929822299,20.834428481400955,18.335316724542498,12.751326531102636,8.713975978658414,7.732178556441644,6.909800331225071,2.9654857860507366
10,207.66920456943467,109.63545259407607,69.22290032363607,19.916735353456012,30.14217613134522,26.53587331307218,23.154619159995704,20.46341066897552,14.572566092902639,9.912369898307665,8.766168779277645,7.827933626203112,3.411808731485673
25,242.46291852410315,122.63556650704601,79.04875195253727,23.208051021088927,36.35111387235112,29.70026285970725,25.850768613284494,23.043033369104123,16.85800392890633,11.35103273638644,9.989603101684043,8.898914712048906,3.9366953005606566
50,269.8258757346666,131.60296606835107,86.7555831240136,25.784307794286377,41.86725223206375,31.862506061423012,27.694025777697238,24.880979238158208,18.542218153684544,12.366414903675196,10.840935365745803,9.633843399135104,4.299768169294797
100,298.3676782665026,139.97202414695178,94.77624003502035,28.460820490582094,48.25218328105081,33.86441373979052,29.401356415557668,26.643929144540227,20.2045757558907,13.332598740331903,11.641364058588554,10.31672853597156,4.639414038989559
