Return Period (years),5 mins,10 mins,15 mins,30 mins,60 mins,90 mins,120 mins,180 mins,360 mins,720 mins,900 mins,1080 mins,1440 mins
2,105.79352339615915,66.64607421155038,50.8602924775336,32.03945342447724,20.18416781216402,15.40318478361259,12.71506524535571,9.703425064313436,6.112855138539108,3.7843594578357997,3.0473608803909396,2.698518208130787,2.22763034321521
5,143.87574607551684,90.63657538910405,69.16838125818133,43.57294574182922,27.449643619631054,20.94793011342168,17.29202578779632,13.196395947823275,8.313262774217378,5.105890147916881,4.053403311351205,3.5894206000646154,2.9630573881146183
10,167.43893396388282,105.48030266255383,80.49617974291642,50.70922056465491,31.945048849207566,24.37872684937571,20.123946323354414,15.357625532252134,9.67473744382866,5.912746664226714,4.658115646146981,4.124929958476833,3.405116846279687
25,195.51848395550732,123.16883266251274,93.99492164416125,59.21327920420931,37.3020175126553,28.467115975400734,23.498608542542062,17.93306605205471,11.29714909211962,6.864006000335227,5.3627338606257515,4.748916977555762,3.9202187995324658
50,215.3334852034215,135.65096232049672,103.52045496411455,65.21434818518235,41.08224281643902,31.352191084760747,25.87998371408799,19.75046442029459,12.442031018001162,7.528831196778655,5.8501974473968685,5.180601962571003,4.276578492312309
100,234.30471584940693,147.60141332356218,112.64023027407141,70.95985809722083,44.70146093576043,34.11441711772832,28.159926549721803,21.490455632063508,13.538152242529158,8.160504163665042,6.309756609461295,5.587577771872446,4.612543152900389
