Model,RMSE,MAE,R2,NSE
SVM,18.79011198590364,14.18121308461347,0.9580820128813462,0.8764772448585
ANN,23.11669717275212,15.81021047115326,0.8846115476859092,0.8144504124823158
TCN,21.769794950245316,15.751792935530348,0.8936139596958959,0.8355456250330815
TCAN,21.995751759612997,15.845339600642523,0.8930727650343147,0.8320584598223612
Traditional_Statistical,12.084276761295364,9.54378246113322,0.9641812896422168,0.9497564040842352
GEV,12.911408493745746,10.090125599916703,0.9642305900938798,0.9441071713243234
Log-Normal,12.062896498228035,9.550031057746354,0.9642160484702316,0.9497575912034388
Log-Pearson-III,13.026898925299292,10.146432026261614,0.9642314953857372,0.9432393633545396
Weibull,14.239268152548085,10.76290559349404,0.9642341254372275,0.9335098564032793
