Model,RMSE,MAE,R2,NSE
SVM,14.983751820762414,10.250316207345518,0.9569724314827768,0.9209737621642712
ANN,20.230472984467134,14.307689692974094,0.8981839887124221,0.857693718942557
TCN,44.178272479525155,23.95883800188701,0.777095712394868,0.3226493245197808
TCAN,32.16466630046323,19.51083832263947,0.8062940477242377,0.6407609108494666
Traditional_Statistical,27.65865477892828,18.200312770308617,0.8351421403079685,0.7209609237332829
GEV,28.607596257767984,18.90351712412433,0.8291189735232957,0.7077691745056479
Log-Normal,28.00583100303191,18.58890511354513,0.8325815495273186,0.7128985600758341
Log-Pearson-III,29.141491561146868,19.124026645254453,0.8277151422206921,0.7000202396758665
Weibull,28.962597841684016,19.086917629241807,0.8315865804939437,0.6870948801563043
