C,epsilon,gamma,kernel
35.674417748615575,0.1841646861045004,0.0018507898197070512,rbf
