model,residual_std,mean_absolute_deviation,prediction_interval_width,cv_residuals,prediction_interval_coverage,confidence_level,aleatoric_uncertainty,epistemic_uncertainty,total_uncertainty
Gumbel,7.35260127668137,3.880680641648301,28.821667389957412,0.2883992586737285,0.9230769230769232,0.95,7.35260127668137,18.074209265142713,19.512503327200925
GEV,7.736120165801768,4.1692614121577565,30.325033810090993,0.3034424466758416,0.934065934065934,0.95,7.736120165801768,12.185959756280008,14.434166771982396
Log-Normal,7.421066666645171,3.9123759944937375,29.09004678699049,0.2910847528229883,0.9230769230769232,0.95,7.421066666645171,9.875275597484402,12.35286600741152
Log-Pearson-III,31.50540936355902,22.97589282298659,123.49893534153334,1.2357717170764135,0.8791208791208791,0.95,31.50540936355902,0.4222804793742063,31.508239239422647
Weibull,6.887859412488641,3.92055410918288,26.999912758105907,0.2701701715705142,0.912087912087912,0.95,6.887859412488641,11.910344083255051,13.75859380415517
SVM,10.298178112589651,4.140095418258262,40.36811641410878,0.4039368954740041,0.934065934065934,0.95,10.298178112589651,5.149089056294827,11.513713152075471
ANN,8.67707673827497,4.441490826082871,34.01351579621845,0.3403506330079485,0.934065934065934,0.95,8.67707673827497,4.338538369137485,9.701266716382491
TCN,6.841934217541285,4.068787614876944,26.819889301946308,0.2683687965633761,0.934065934065934,0.95,6.841934217541285,3.4209671087706424,7.649515004002073
TCAN,6.604302032616038,3.8414267400376203,25.888388253904218,0.2590478850396124,0.9560439560439561,0.95,6.604302032616038,3.302151016308019,7.383834144434747
