model,residual_std,mean_absolute_deviation,prediction_interval_width,cv_residuals,prediction_interval_coverage,confidence_level,aleatoric_uncertainty,epistemic_uncertainty,total_uncertainty
GEV,10.530545090237824,5.616642590566946,41.27897822888246,0.4076096561606516,0.945054945054945,0.95,10.530545090237824,14.8057485385269,18.16872504287583
Gumbel,10.550092365004833,5.433598646495711,41.35560213796094,0.4083662796666887,0.934065934065934,0.95,10.550092365004833,22.35353553585717,24.718110766459528
Log-Normal,10.608467496927592,5.587455260724509,41.58442845028371,0.4106258272254781,0.9230769230769232,0.95,10.608467496927592,13.349489449638336,17.051347489256514
Log-Pearson-III,35.360880521289644,23.070155111173044,138.61210456670327,1.3687265214962618,0.9010989010989012,0.95,35.360880521289644,0.5368698468168948,35.36495582456371
Weibull,9.922256887852631,5.850683195775753,38.89453229109129,0.3840644224717838,0.8901098901098901,0.95,9.922256887852631,15.309791831423397,18.243927967136287
SVM,15.687559230503064,8.590693111981002,61.49410219424978,0.6072240866119113,0.945054945054945,0.95,15.687559230503064,0.0366132235024952,15.687601956279906
ANN,13.970498320146753,7.075486321118022,54.76334710712992,0.5407611826235835,0.956043956043956,0.95,13.970498320146753,2.7976865408078297e-07,13.970498320146756
TCN,10.041548971941108,6.2942502965178235,39.36214866799955,0.3886819047541651,0.934065934065934,0.95,10.041548971941108,0.0205558610207182,10.041570011672173
TCAN,9.492026233681171,6.034519701243094,37.20805911664894,0.3674113273552573,0.945054945054945,0.95,9.492026233681171,0.053522238104502025,9.492177129134458
