model,residual_std,mean_absolute_deviation,prediction_interval_width,cv_residuals,prediction_interval_coverage,confidence_level,aleatoric_uncertainty,epistemic_uncertainty,total_uncertainty
GEV,10.530545090237824,5.616642590566946,41.27897822888246,0.4076096561606516,0.945054945054945,0.95,10.530545090237824,14.8057485385269,18.16872504287583
Gumbel,10.550092365004833,5.433598646495711,41.35560213796094,0.4083662796666887,0.934065934065934,0.95,10.550092365004833,22.35353553585717,24.718110766459528
Log-Normal,10.608467496927592,5.587455260724509,41.58442845028371,0.4106258272254781,0.9230769230769232,0.95,10.608467496927592,13.349489449638336,17.051347489256514
Log-Pearson-III,35.360880521289644,23.070155111173044,138.61210456670327,1.3687265214962618,0.9010989010989012,0.95,35.360880521289644,0.5368698468168948,35.36495582456371
Weibull,9.922256887852631,5.850683195775753,38.89453229109129,0.3840644224717838,0.8901098901098901,0.95,9.922256887852631,15.309791831423397,18.243927967136287
SVM,13.718367544760598,7.331181452620513,53.77501262882788,0.5310018645842981,0.945054945054945,0.95,13.718367544760598,0.0030427538419704,13.718367882204204
TCN,13.111363114482742,6.074848112710641,51.39559898522618,0.5075063223314172,0.945054945054945,0.95,13.111363114482742,0.0023905151227405,13.111363332406786
TCAN,17.87588827901081,8.667583469000435,70.07219443704575,0.6919285386022938,0.934065934065934,0.95,17.87588827901081,0.0062429074948566,17.875889369135457
ANN,14.001189616867247,7.647037299235751,54.883654779551925,0.541949161858862,0.9340659340659341,0.95,14.001189616867247,0.005202918739926384,14.001190583583762
